name,phone,email,city,state,website,source_date
"Acorn Claims","417-581-5200","",,"US","www.AcornClaims.com","2026-05-30"
"Advance Adjusting","(866) 553-5004","",,"US","www.advadj.com","2026-05-30"
"Advanced Claims Concepts","(888)251-7448","",,"US","www.acc-claims.com","2026-05-30"
"Advantage Adjustment Company","(239) 458-9599","",,"US","aac2adjust.com","2026-05-30"
"Alternative Claims Services","(800) 354-5732","",,"US","www.alternativeclaims.com","2026-05-30"
"AmeriClaim","(405) 330-3610","",,"US","www.americlaim.com","2026-05-30"
"Anchor Claim Services","(904)466-0760","",,"US","www.anchorclaimservices.com","2026-05-30"
"Apple Adjusters, Inc.","(225) 929-9777","",,"US","www.appleadjusters.com","2026-05-30"
"Associated Claims Management","(704) 485-8975","",,"US","www.associatedclaimsinc.com","2026-05-30"
"Associated Adjuster Network","(866) 833-4036","",,"US","www.associatedadjustersnetwork.com","2026-05-30"
"The ASU Group","(800) 968-0278","",,"US","www.asugroup.com","2026-05-30"
"Atlantic Claims, Inc.","(877) 902-0976","",,"US","www.atlanticclaims.com","2026-05-30"
"B&H Claims","(888) 574-3467","",,"US","www.bhclaims.com","2026-05-30"
"Bright Claims","(877) 861-7369","",,"US","www.brightclaim.com","2026-05-30"
"Brown Claims","(225) 924-5210","",,"US","www.brownclaims.com","2026-05-30"
"Brush County Claims","(800) 416-1625","",,"US","www.bcc-ltd.com","2026-05-30"
"BSA Claims Service","(877) 761-2332","",,"US","www.bradleystinson.com","2026-05-30"
"Burton Claim Service, Inc.","(800) 330-2524","",,"US","www.burtonclaimservice.com","2026-05-30"
"Claims Adjustment Group","(877) 692-2422","",,"US","www.claimsadjustmentgroup.com","2026-05-30"
"Carolina Claims Services, Inc.","(803) 731-4005","",,"US","www.carolinaclaims.com","2026-05-30"
"Central Adjustment Company, Inc","(888) 227-5506","",,"US","www.centraladjustment.com","2026-05-30"
"Champion Claim Service Inc.","(412) 881-4560","",,"US","www.championclaimservice.com","2026-05-30"
"Choice Claims","(855) 557-0824","",,"US","www.choiceclaims.com","2026-05-30"
"Churchill Claims","(877) 840-6277","",,"US","www.churchill-claims.com","2026-05-30"
"Claim Consultant Group, LLC","(866) 654-9777","",,"US","www.claimsconsultantsllc.com","2026-05-30"
"Claims Consulting Services, Inc.","(817) 685-9955","",,"US","www.claimscs.com","2026-05-30"
"Clear point claims","(704) 414-8777","",,"US","www.clearpointclaims.com","2026-05-30"
"CMR Claims Management","(800) 321-4158","",,"US","www.cmrclaims.com","2026-05-30"
"CNC Catastrophe & National Claims","(800) 843-0170","",,"US","www.adjustingexpectations.com","2026-05-30"
"Coastal Adjusting Company","(850) 939-8188","",,"US","www.coastaladjusting.com","2026-05-30"
"Cole Group Independent Appraisals","(903) 744-4936","",,"US","https://www.cgiasolutions.com/","2026-05-30"
"Colonial Adjustment, Inc.","(800) 445-2330","",,"US","www.colonialadj.com","2026-05-30"
"Colonial Claims Corporation","(800) 356-6326","",,"US","www.colonialclaims.com","2026-05-30"
"Compass Adjusters","(914) 428-9224","",,"US","www.compassadj.com","2026-05-30"
"Cornerstone Adjusters","(888) 466-1474","",,"US","www.cornerstoneadjusters.com","2026-05-30"
"Crawford and Company","(877) 346-0300","",,"US","www.crawfordandcompany.com","2026-05-30"
"Cunningham Lindsey","(813) 830-7100","",,"US","www.cunninghamlindsey.com","2026-05-30"
"Cru Adjusting","(772) 222-6292","",,"US","cruadjusters.com","2026-05-30"
"DEKRA Services, Inc.","678-379-4916","",,"US","www.dekra.us","2026-05-30"
"E.A. Refroe and Company","(205) 982-6230","",,"US","www.earenfroe.com","2026-05-30"
"Eberls Claims Service","(800) 827-9013","",,"US","www.eberls.com","2026-05-30"
"Edward R. Reilly & Co. Inc.","(212) 233-4646","",,"US","www.reillyandco.com","2026-05-30"
"Engle Martin & Associates, Inc.","(800) 818-5619","",,"US","www.englemartin.com","2026-05-30"
"Field Pros Direct","(844) 973-4732","",,"US","fieldprosdirect.com","2026-05-30"
"Frontier Adjusters","","",,"US","www.frontieradjusters.com","2026-05-30"
"Frontline Adjusting","","",,"US","www.frontlineadjusting.com","2026-05-30"
"Gale Claims Service, Inc.","(954) 328-7880","",,"US","www.galeclaimsservice.com","2026-05-30"
"G. Rocca & Associates Consulting Inc.","(855)470-3007","",,"US","www.roccaclaims.com","2026-05-30"
"G. E. Morgan Adjusters Limited","(800) 290-0886","",,"US","www.gemorgan.com","2026-05-30"
"G & G Insurance Adjusters","(888) 724-5855","",,"US","www.ggadjusters.com","2026-05-30"
"Global Adjusters","(800) 580-2334","",,"US","www.asg-adj.com","2026-05-30"
"Global Risk Solutions","(305) 523-6365","",,"US","www.globalrisksolutions.com","2026-05-30"
"Hennesy, Inc Adjusting Services","913-393-0673","",,"US","www.hennesyinc.com","2026-05-30"
"Horizon Claims","(855) 472-2228","",,"US","horizonclaimsservice.com","2026-05-30"
"ICA, Inc.","(877) 807-9669","",,"US","www.icaadjusters.com","2026-05-30"
"IAS Cat CREW","(800) 288-4338","",,"US","www.iasclaims.com","2026-05-30"
"ideal adjusting","(888) 530-4964","",,"US","www.idealadjusting.com","2026-05-30"
"IMS Claim Services, Inc.","(800) 500-8582","",,"US","www.imsclaims.com","2026-05-30"
"Integrity Catastrophe Services LLC","(877) 437-7478","",,"US","www.integritycatservices.com","2026-05-30"
"Integrity Adjusters, LLC","(866) 433-2877","",,"US","www.integrityadjusters.com","2026-05-30"
"TheBestIRS","(866) 658-4477","",,"US","www.thebestirs.com","2026-05-30"
"Jackson Adjustment Company","(800) 601-1198","",,"US","www.jacclaims.com","2026-05-30"
"James C. Greene Company","(855) 834-7568","",,"US","www.jcgreeneco.com","2026-05-30"
"Johns Eastern Company, Inc","(941) 907-3100","",,"US","www.johnseastern.com","2026-05-30"
"Koning and Associates","(408) 265-3800","",,"US","www.koning.us","2026-05-30"
"LaMarche Associates Inc.","(978) 256-8586","",,"US","www.lamarcheassociates.com","2026-05-30"
"leading edge claims service","(866) 659-4525","",,"US","www.leadingedgeclaims.com","2026-05-30"
"Littleton Claims","(210) 737-1599","",,"US","www.littleton-cat.com","2026-05-30"
"Lozano Insurance Adjuster, Inc.","(866) 388-0092","",,"US","www.lozanoadjusters.com","2026-05-30"
"LSW & Associates Ltd.","(403) 452-2195","",,"US","www.lswadjusters.com","2026-05-30"
"Mason Claims","(800) 974-6654","",,"US","www.masonclaims.com","2026-05-30"
"Mathias and Company, Inc","(407) 679-6090","",,"US","www.mathiasinc.com","2026-05-30"
"McIntyre, Gilligan & Mundt, Inc","(502) 582-3744","",,"US","www.mgmadjusters.com","2026-05-30"
"Mid-America Catastrophe Services","(888) 297-3092","",,"US","https://midamcat.com/","2026-05-30"
"Midland Claims Service, Inc.","(406) 656-9960","",,"US","www.midlandclaims.com","2026-05-30"
"N&C Claims Service","(888) 295-9477","",,"US","www.ncclaimsservice.com","2026-05-30"
"NCAdjusting","(941) 721-8480","",,"US","nclaimsadjusters.com","2026-05-30"
"Nixon and Company, Inc","(314) 821-4888","",,"US","www.nixonandco.com","2026-05-30"
"Nomad Adjusting, LLC","(888) 906-6623","",,"US","nomadadjusting.com","2026-05-30"
"One Call Claims","(866) 999-1963","",,"US","www.onecallclaims.com","2026-05-30"
"Olmpia Claims","(913) 294-4200","",,"US","www.olympiaclaims.com","2026-05-30"
"Pacesetter claims service","(888) 218-4880","",,"US","www.pacesetterclaims.com","2026-05-30"
"Pilot","(800) 345-2287","",,"US","www.pilotcat.com","2026-05-30"
"Pinnacle Adjusters Group Inc.","(416) 362-0800","",,"US","www.pinnacleadjusters.com","2026-05-30"
"Primeco Claims","(844) 601-4121","",,"US","https://primecoclaims.com/","2026-05-30"
"Pofessional Claims Representatives","(866) 727-9199","",,"US","www.proclaimrep.com","2026-05-30"
"provencher claims","(866) 722-5246","",,"US","provencherclaims.com","2026-05-30"
"Rhino Claim Services","(317) 596-9689","",,"US","www.rhinoclaims.com","2026-05-30"
"Reid, Jones, McRorie & Williams","(800) 785-2604","",,"US","www.rjmw.com","2026-05-30"
"Royal Adjusting Services","(817) 757-2094","",,"US","royaladjustingservices.com","2026-05-30"
"Straight Line Global","800-654-9622","",,"US","www.StraightLineGlobal.com","2026-05-30"
"Schafer Wood & Associates Inc.","(866) 337-0112","",,"US","www.schaferwood.com","2026-05-30"
"Southwest Adjusters","(877) 259-5910","",,"US","southwestadjusters.com","2026-05-30"
"T. Barrett And Associates, LLC","(503) 365-1462","",,"US","www.tbaclaims.com","2026-05-30"
"Team one adjusting services","(800) 918-3498","",,"US","www.teamoneclaims.com","2026-05-30"
"Telaclaims","(305) 306-3051","",,"US","www.tela-adjuster.com","2026-05-30"
"TSI Adjusters, Inc.","(800) 803-4109","",,"US","www.tladjusters.com","2026-05-30"
"United Catastrophe Group, LLC","(972) 750-6114","",,"US","www.ucgcat.com","2026-05-30"
"Upright Claims Services Ltd.","(613) 836-4660","",,"US","www.uprightclaims.com","2026-05-30"
"US Adjusting Services","(877) 366-0333","",,"US","www.usadjustingservices.net","2026-05-30"
"Vector Claims","(843) 888-8888","",,"US","www.vectorclaims.com","2026-05-30"
"Wardlaw Claims Service","(800) 217-0901","",,"US","www.wardlawclaims.com","2026-05-30"
"Williams Adjusting Inc.","(905) 852-9848","",,"US","www.williamsadjusting.com","2026-05-30"
"Worley","(888) 887-8070","",,"US","www.worleyco.com","2026-05-30"
"Cordo Claims Group, LLC","877.552.6736","","Palmetto Bay","FL","","2026-05-30"
"Keys Claims Consultants, LLC","239.774.5040","","Naples","FL","","2026-05-30"
"Victory Claims Consulting","800.957.1239","","Wellington","FL","","2026-05-30"
"Tutwiler & Associates Public Adjusters","813.287.8090","","Tampa","FL","","2026-05-30"
"Garrett Claims Group, Inc.","877.467.5677","","Tampa","FL","","2026-05-30"
"Altieri Insurance Consultants","813.247.4757","","Tampa","FL","","2026-05-30"
"Maximum Insurance Adjusters","866.303.6866","","Miami","FL","","2026-05-30"
"Rockwall National Public Adjusters","866.483.4001","","Pompano Beach","FL","","2026-05-30"
"Sarasohn & Company, Inc.","561.368.5000","","Boca Raton","FL","","2026-05-30"
"Devorah Public Adjusters","407.461.0860","","Sanford","FL","","2026-05-30"
"Tutwiler & Associates Public Adjusters- Treasure Coast","772.828.2406","","Palm City","FL","","2026-05-30"
"Garrett Claims Group, Inc. - Pensacola","877.467.5677","","Pensacola","FL","","2026-05-30"
"Goodman-Gable-Gould Company/AI- Ft. Lauderdale","954.563.3074","","Ft. Lauderdale","FL","","2026-05-30"
"Alex N. Sill Company- Florida","407.977.1198","","Winter Springs","FL","","2026-05-30"